{
  "name": "KETCube_Arduino",
  "version": "0.2.5",
  "keywords": "KETCube, LoRaWAN, IoT",
  "description": "KETCube Arduino examples",
  "authors":
  {
    "name":  "Jan Belohoubek",
    "url":   "https://edu.ketcube.cz",
    "maintainer": true
  },
  "repository":
  {
    "type": "git",
    "url": "https://github.com/SmartCAMPUSZCU/KETCube-arduino/"
  },
  "homepage": "https://edu.ketcube.cz",
  "export": {
    "exclude": [
      "extras",
      "tests"
    ]
  },
  "frameworks": "*",
  "platforms": "*",
  "examples": "examples/*/*/*.ino"
}
